Title,Videourl,Category,Description,Objects
Paper Napkin Background Collage ‚ô• Mixed Media Art Journal,www.youtube.com/watch?v=Rc1VrnwtWEY,Art&Music,"‚Üì  |Supplies & Tools|  ‚Üì
‚ô• Napkin Decoupage 
Amazon ‚Üí http://amzn.to/2xS3wGD
Create for Less ‚Üí http://shrsl.com/l7q5

‚ô• Dylusions Journal (8x5)
Amazon ‚Üí https://amzn.to/2EL1Rq7
Scrapbook.com ‚Üí http://shrsl.com/18ufy

‚ô•Heat Tool 
Amazon ‚Üí https://amzn.to/2NZgd9z

‚ô• Jumbo Craft Mat
Amazon ‚Üí http://amzn.to/2d595ax

‚ô• Mini Scissors
Blitsy ‚Üí http://shrsl.com/1brib
Amazon ‚Üí https://amzn.to/2Pj0Zcq
Scrapbook.com ‚Üí http://shrsl.com/1brie

‚ô• Dictionary Paper
Amazon ‚Üí https://amzn.to/2PfA1mP

‚ô• Mini Paper Trimmer 
Amazon ‚Üí http://amzn.to/2qONu9s
Scrapbook.com ‚Üí http://shrsl.com/l7t4

‚ô• Pitt Big Brush Pens 
Amazon ‚Üí https://amzn.to/2QbL8Sg

‚ô• Decoart Media Crackle Paint
Amazon ‚Üí https://amzn.to/2Bs70j1

‚ô• Wood Veneer Butterfly
Amazon ‚Üí https://amzn.to/2UeGJMI

‚ô• DecoArt Americana Paints 
Blitsy ‚Üí http://shrsl.com/?i7o6
Create For Less ‚Üí http://shrsl.com/l7zk
Amazon ‚Üí http://amzn.to/2znf54H

‚ô• Posca Paint Pens
Amazon ‚Üí  https://amzn.to/2R2yXD5

‚ô• Fude Ball Pen
Amazon ‚Üí http://amzn.to/2hLkdsA

‚ô• Page Clips
Amazon ‚Üí http://amzn.to/2e3BOtq

‚ô• Vellum Tag
Amazon ‚Üí https://amzn.to/2KVog3p

‚ô• PVA Glue
Amazon ‚Üí http://amzn.to/2Et31pP

‚ô• Twine
Amazon ‚Üí https://amzn.to/2NdDqRS

‚ô• Small Talk Stickers
Blitsy ‚Üí http://shrsl.com/j4kp
Scrapbook.com ‚Üí http://shrsl.com/lbwx
Amazon ‚Üí http://amzn.to/2l6WNCw

‚ô• Heart Banner Wood Veneer ?





----------------------------------------------------------------------------

                            |Follow!|

‚ô• Twitter‚Üíhttps://twitter.com/AmberKCreative1

‚ô• Pinterest ‚Üí https://www.pinterest.com/artjournalvideos

‚ô• Instagram ‚Üí https://www.instagram.com/amber.k.creative/

‚ô• Facebook ‚Üí https://www.facebook.com/amberk.creative/

‚ô• Facebook Group- Amber K. Creative Friends ‚Üí https://www.facebook.com/groups/amberkcreative/

‚ô• Recommended Art Journaling Supplies for Beginners ‚Üí https://goo.gl/Mu6Ue6


This video is not sponsored. 
Some links are affiliate links. I am so thankful when you use my links to shop because it enables me to keep making videos, and best of all it costs you nothing extra!  ‚ô•Thank you! ‚ô•","['book', 'bottle', 'bowl', 'knife', 'tvmonitor', 'toothbrush', 'scissors', 'toilet', 'refrigerator', 'apple', 'cell phone']"
üé® nyc art college dorm move in. üéí,www.youtube.com/watch?v=-NkGs2aduvU,Art&Music,"üåü [open for stuff!!]  üåü

hello :) i've fully relocated to new york city nowwww

this move in vlog shows the adventures i had during the first week of school :"") which was orientation week aka i had a lot of free time. i have my last class of the week tomorrow and wow lol i just got hit by a lot of homework (but maybe that's because i've been procrastinating LOL).
i will say that this vlog is not my best edited one :""( i wanted to get it up asap and im kinda busy but i still tried my best. i hope you enjoyed it! stay tuned for the next videooooo !!! (my room is still in the process of decorating so you'll see more soon!

love,
jasmine
‚Äî‚Äî‚Äî‚Äî‚Äî‚Äî‚Äî‚Äî‚Äî‚Äî‚Äî‚Äî‚Äî‚Äî‚Äî‚Äî‚Äî‚Äî‚Äî‚Äî‚Äî
‚ò∫ STAY IN TOUCH ‚ò∫

‚òû AESTHETIC PERSONAL INSTAGRAM‚ú®: https://www.instagram.com/jaschann/

‚òû ART INSTAGRAM: https://www.instagram.com/novchild.jpg/
‚òû SNAPCHAT: @minniejaschan3
‚Äî‚Äî‚Äî‚Äî‚Äî‚Äî‚Äî‚Äî‚Äî‚Äî‚Äî‚Äî‚Äî‚Äî‚Äî‚Äî‚Äî‚Äî‚Äî‚Äî‚Äî
DISCOUNTS + PROMO CODES:

GLOSSIER
https://www.glossier.com
http://bff.glossier.com/fikr2 for 20% off!
‚Äî‚Äî‚Äî‚Äî‚Äî‚Äî‚Äî‚Äî‚Äî‚Äî‚Äî‚Äî‚Äî‚Äî‚Äî‚Äî‚Äî‚Äî‚Äî‚Äî‚Äî
// STUFF //
@johnn.kimm

//SONG//

‚Äî‚Äî‚Äî‚Äî‚Äî‚Äî‚Äî‚Äî‚Äî‚Äî‚Äî‚Äî‚Äî‚Äî‚Äî‚Äî‚Äî‚Äî‚Äî‚Äî‚Äî
If you actually read this, comment how your day was!","['suitcase', 'book', 'spoon', 'aeroplane', 'diningtable', 'sports ball', 'sandwich', 'bowl', 'bicycle', 'sofa', 'chair', 'handbag', 'cell phone', 'traffic light', 'hair drier', 'train', 'backpack', 'laptop', 'donut', 'dog', 'oven', 'fork', 'kite', 'cup', 'pizza', 'bench', 'truck', 'car', 'toilet', 'refrigerator', 'pottedplant', 'cat', 'bottle', 'bed', 'vase', 'tvmonitor', 'frisbee', 'knife', 'cake', 'remote']"
An Art Collage From Night Time Nature (October),www.youtube.com/watch?v=1_BDfhdZKA8,Art&Music,"This is an art collage for the month of October. The theme this month is night time. I got inspired by some moon artworks. I really enjoyed making this one. Sorry, its a little late. Please enjoy. Also, don't forget to comment, rate, and subscribe! 
~ ArtisticPainter2364",['frisbee']
Op Art Collage Project,www.youtube.com/watch?v=MDc-vtVbyjk,Art&Music,This video demonstrates a relatively simple way to create an Op Art inspired collage.,"['scissors', 'tie', 'umbrella', 'kite']"
my first week of art college ‚ú®// pratt institute,www.youtube.com/watch?v=ZSh0AatbKso,Art&Music,"üåü [open for stuff!!]  üåü

hello :) my the weekend + first week of school was quite WILD. i got pierced (its healing quite nicely right now actually no one get mad at me.) and tatted (thank you @lauxkim for the beautiful tattoo job. sorry mom and dad :""( my first week in art college wasn't exciting at all tbh in fact i barely enjoyed it i wish we had more creative assignments//less boring, the only thing i enjoyed was drawing class but i dun like the hw its so confusing LOL.
i hope y'all had a lovely day! 
if you guys have any questions please comment below and i will be sure to answer them. 

love,
jasmine
‚Äî‚Äî‚Äî‚Äî‚Äî‚Äî‚Äî‚Äî‚Äî‚Äî‚Äî‚Äî‚Äî‚Äî‚Äî‚Äî‚Äî‚Äî‚Äî‚Äî‚Äî
‚ò∫ STAY IN TOUCH ‚ò∫

‚òû AESTHETIC PERSONAL INSTAGRAM‚ú®: https://www.instagram.com/jaschann/

‚òû ART INSTAGRAM: https://www.instagram.com/novchild.jpg/
‚òû SNAPCHAT: @minniejaschan3
‚Äî‚Äî‚Äî‚Äî‚Äî‚Äî‚Äî‚Äî‚Äî‚Äî‚Äî‚Äî‚Äî‚Äî‚Äî‚Äî‚Äî‚Äî‚Äî‚Äî‚Äî
DISCOUNTS + PROMO CODES:

GLOSSIER
https://www.glossier.com
http://bff.glossier.com/fikr2 for 20% off!
‚Äî‚Äî‚Äî‚Äî‚Äî‚Äî‚Äî‚Äî‚Äî‚Äî‚Äî‚Äî‚Äî‚Äî‚Äî‚Äî‚Äî‚Äî‚Äî‚Äî‚Äî
// STUFF //

//SONG//

‚Äî‚Äî‚Äî‚Äî‚Äî‚Äî‚Äî‚Äî‚Äî‚Äî‚Äî‚Äî‚Äî‚Äî‚Äî‚Äî‚Äî‚Äî‚Äî‚Äî‚Äî
If you actually read this, comment how your day was!","['book', 'suitcase', 'spoon', 'diningtable', 'remote', 'bowl', 'bus', 'chair', 'handbag', 'cell phone', 'train', 'laptop', 'clock', 'scissors', 'teddy bear', 'cup', 'car', 'refrigerator', 'wine glass', 'pottedplant', 'cat', 'bottle', 'vase', 'bed', 'knife', 'tvmonitor', 'surfboard', 'stop sign']"
Arts Camp: A Collection of Art: Collage 2013,www.youtube.com/watch?v=LwZ-E5JqkgU,Art&Music,"Did you miss the 2013 performance of Collage at Interlochen Arts Camp? Sit back, get a cup of coffee or tea, and enjoy this edited compilation of the sixteen performances that were featured at the July 9 performance in Kresge Auditorium.","['umbrella', 'bicycle', 'train', 'laptop', 'tvmonitor', 'horse', 'bench', 'baseball bat', 'bird', 'chair', 'tie', 'dog', 'cell phone']"
Doily Collage + Acrylic Paint - Mixed Media Art Journal -Easy tutorial,www.youtube.com/watch?v=5M_tDel0Xug,Art&Music,My first art journal video. Recommended Art Journaling Supplies for Beginners: https://goo.gl/Mu6Ue6,"['book', 'bottle', 'bowl', 'knife', 'tvmonitor', 'toothbrush', 'scissors', 'toilet', 'refrigerator', 'apple', 'cell phone']"
Art Of Collage Aka Art Of Collaers (1958),www.youtube.com/watch?v=iKoRWBSXRec,Art&Music,"London.



Story about a modern art form - collage.  Various shots of a piece of collage art then footage of one of the foremost exponents of this art form E.L.T. Mesens at work.  Mesens lights a piece of newspaper with  cigarette.  He then glues the piece of paper with burnt edges onto a piece of coloured card.  Messens uses bus tickets, burnt spills of paper and cigarette cartons as well as many other things.  Messens adds various bits and pieces to his design including some salt and pepper!



The name of Mesens is synonymous with European Dada and surrealism the narrator informs us.  



A display of collage work at the Institute of Contemporary Art (ICA) is featured.  Art lovers look at the works which include pieces by John McHale and Gwyther Irwin.



Narrator seems slightly dismissive about this style of art - poking fun a little bit.



Note: spellings vary in paperwork - could be E.L.T. Messens.
 FILM ID:83.12

A VIDEO FROM BRITISH PATH√â. EXPLORE OUR ONLINE CHANNEL, BRITISH PATH√â TV. IT'S FULL OF GREAT DOCUMENTARIES, FASCINATING INTERVIEWS, AND CLASSIC MOVIES. http://www.britishpathe.tv/

FOR LICENSING ENQUIRIES VISIT http://www.britishpathe.com/ 

British Path√© also represents the Reuters historical collection, which includes more than 120,000 items from the news agencies Gaumont Graphic (1910-1932), Empire News Bulletin (1926-1930), British Paramount (1931-1957), and Gaumont British (1934-1959), as well as Visnews content from 1957 to the end of 1979. All footage can be viewed on the British Path√© website. https://www.britishpathe.com/","['book', 'diningtable', 'bottle', 'vase', 'laptop', 'cup', 'cake', 'chair']"
"Mixed media, altered art, collage miniature paper rose projects",www.youtube.com/watch?v=zRELWH5tJQE,Art&Music,"http://www.papercatdesigns.ning.com Learn how to make miniature paper roses and apply them to a variety of spring projects including wine glass charms, favor boxes and journal pages.","['mouse', 'cell phone']"
Digital Collage in Photoshop,www.youtube.com/watch?v=GxPB2R9qhPI,Art&Music,Digital collage tutorial using Photoshop CC 2018,"['book', 'tie', 'cell phone', 'tvmonitor']"
DIY Wall Art Collage,www.youtube.com/watch?v=vMEuiHIJg-k,Art&Music,"DIY Wall art, collage, easy wall decorations, small art project","['book', 'cat', 'spoon', 'refrigerator', 'diningtable', 'vase', 'bowl', 'umbrella', 'knife', 'cup', 'laptop', 'tvmonitor', 'sofa', 'bed', 'chair', 'scissors', 'dog']"
Getting started with collage art -- Part 1,www.youtube.com/watch?v=YL62fy4YlkQ,Art&Music,"This 2 part video on getting started is intended for anyone who is new to doing collage art, or anyone who has already had experience with collaging but would like to find a new interest or get some new ideas about collecting scraps and making collage art. The goal of doing collage art is to enjoy using up scraps you've collected, and to gain confidence in creating a collage composition. 

In part 1 I talk about the materials you use, such as the type of collages you can make, and then give you ideas of where you can collect scraps.

For a copy of my list of ides for gathering scraps, see my blog post:
https://www.margaretemiller.com/getting-started-with-collage-art/

Glue books in this video:
Grandmother's vintage memory book - https://youtu.be/He7KeWS6cxc
Using up your scraps collage book - https://youtu.be/y50pLksS0eA
Wire-bound scrap journal - https://youtu.be/KFVD-cVo0iw
Junk mail journal - https://youtu.be/CtNGZyGgoj8

Where to find me:
margaretemiller.com/
instagram.com/margarete.miller/
facebook.com/margaretemiller.collage.art
etsy.com/shop/mellowmiller

Check out my Facebook group Vintage Gluebooks and Pages for projects and inspiration: facebook.com/groups/vintagegluebooks/","['book', 'apple', 'clock', 'bird']"
Mini Floral Photo Art Collage | HP Sprocket Photo Printer | HP,www.youtube.com/watch?v=yPX525_5am4,Art&Music,"Did you know, you can make art with your Sprocket photos? Today I'm going to show you how to use the Sprocket and your favorite flower photos to create a pretty decor piece for your home. You can print out as many images as you'd like to create wall art of any size. Choose a specific color scheme or create new floral wall art for every season. It's up to you. Let's create some photo art!

Video and craft provided by Jen Goode of 100directions.com.

SUBSCRIBE: http://bit.ly/2mGfXhF

SHOP NOW: http://store.hp.com/us/en/ 

About HP:
HP Inc. creates technology that makes life better for everyone everywhere ‚Äî every person, every organization, and every community around the globe. Through our portfolio of printers, PCs, mobile devices, solutions, and services, we engineer experiences that amaze. 

Connect with HP:
Visit HP WEBSITE: http://www.hp.com
Like HP on FACEBOOK: https://www.facebook.com/HP
Follow HP on TWITTER: https://twitter.com/HP
Follow HP on INSTAGRAM: https://www.instagram.com/hp
Follow HP on LINKEDIN: https://www.linkedin.com/company/hp

Mini Floral Photo Art Collage | HP Sprocket Photo Printer | HP
https://www.youtube.com/user/HP",['cell phone']
Crysis 3 environment art collage / level 3,www.youtube.com/watch?v=-OONBHQtL5o,Art&Music,,['tvmonitor']
Art Cards Collage - The Art of Loish,www.youtube.com/watch?v=jBFKiN0OmM0,Art&Music,"Links to buy the book on Amazon:
USA: http://amzn.to/1YFlJtw
UK: http://amzn.to/1qCUGE1
Canada: http://amzn.to/22LhnSJ
-------------------------------------------------
Royalty-free music by Epidemic Sound: http://bit.ly/1VUMR6G
-------------------------------------------------
SHOP: http://bayleejae.com/shop
VLOGS: http://youtube.com/bumblebaylee
TOY Channel: http://bit.ly/1NdSpWH
-------------------------------------------------
TWITTER: http://www.twitter.com/baylee_jae
INSTAGRAM: http://www.instagram.com/baylee_jae
TWITCH (livestreams):  http://www.twitch.tv/bayleejae
-------------------------------------------------
Personal Instagram: http://www.instagram.com/bumblebaylee
Tumblr: http://www.baylee-jae.tumblr.com 
Facebook: http://www.facebook.com/bayleejaeart
-------------------------------------------------
LINKS AT END OF VIDEO:
Art video: https://youtu.be/zap1P3uncKU
Vlog: https://youtu.be/Akahfhp6fWg
Toy Video: https://youtu.be/7YbfCDyK-fk
-------------------------------------------------
Camera: Canon 70D
Microphone: Rode VideoMic Pro
Editing Software: Adobe Premiere Pro
-------------------------------------------------","['book', 'toothbrush', 'bird', 'keyboard', 'refrigerator', 'remote']"
Snowman Collage Art Craft Tutorial,www.youtube.com/watch?v=79keGZilMcA,Art&Music,"Fun and easy art project for the holidays and winter season!

Remember to rate, comment and subscribe!

Check out my blog at:
http://craftklatchwithmona.blogspot.com/

Find Craft Klatch on Facebook at:
http://www.facebook.com/craftklatch1

Music by Kevin MacLeod at
http://www.incompetech.com","['book', 'fork', 'spoon', 'diningtable', 'bottle', 'bowl', 'knife', 'cup', 'laptop', 'toothbrush', 'frisbee', 'cake', 'carrot', 'cell phone']"
Winter Cover page of Seasonal Art/Collage Journal....,www.youtube.com/watch?v=QjDgmm0Ebrg,Art&Music,"WINTER COVER PAGE....
In this video I made the Winter cover for the Seasonal art/Collage Journal, I really love how this turned out and it was fun to make, come and create along with me regards Susanna xx

---------------------------------------------------------------------------
My Etsy Store: https://www.etsy.com/au/shop/VintageBlendStudio
My Facebook: https://www.facebook.com/TheVintageBlendStudio/","['book', 'bottle', 'traffic light', 'parking meter', 'cup', 'toothbrush', 'scissors', 'bench', 'bird', 'refrigerator', 'tie', 'dog', 'cell phone', 'remote']"
Learn how to make an art collage,www.youtube.com/watch?v=jjC41SOb4LU,Art&Music,Using art history for inspiration. Let Kurt Schwitters inspire you to make art!,"['book', 'vase', 'bed', 'scissors', 'tie']"
Junk Journal Flip #4 Mixed Media Art Collage Journal,www.youtube.com/watch?v=im7ntAEWCSo,Art&Music,Flip through my Art Journal #4,"['cat', 'book', 'bottle', 'bed', 'knife', 'tvmonitor', 'laptop', 'pizza', 'cake', 'refrigerator', 'tie', 'cell phone']"
L-O-V-E Art Collage,www.youtube.com/watch?v=9r8HrIH8cYg,Art&Music,This is a pretty craft project you can make that will keep LOVE in the home and decorate your walls for years to come.  Terri O shows you how to make a wall-hanging using pretty paper and some creativity.  Use for Valentine's Day or every day.,"['oven', 'diningtable', 'bottle', 'bowl', 'laptop', 'cup', 'knife', 'pizza', 'cake', 'sink', 'scissors', 'pottedplant', 'remote']"
Art Collage/ Glue Book,www.youtube.com/watch?v=C7KekqA0Fyg,Art&Music,"In this video I show how I come up with a book to glue in papers from assorted Artist magizines.

Thanks for watching and I hope you become a subscriber if you aren't one already.

You can also find me at the following social media locations:

Instagram: https://instagram.com/ladybluestudios/
Twitter:  https://twitter.com/BlueCrafty74
Facebook: https://www.facebook.com/ladybluestudios

If you would like to participate in my ATC request, send anything to me to be shared in an upcoming video or have a product you would like me to try out please use the following address:

Michelle M
P.O. Box 1456
Millbrook, AL 36054","['book', 'knife', 'laptop', 'refrigerator', 'cell phone']"
Art journal page: collage with magazine cutouts,www.youtube.com/watch?v=nYKhQL2EFCA,Art&Music,I tried to film the proces of how I make my art journal pages with collages of magazine cutouts.,"['scissors', 'tie', 'bicycle']"
Art College Vlog 16 | Literally just non-stop art homework.,www.youtube.com/watch?v=cYKOwGsuDIw,Art&Music,"Hope you guys enjoy!
Society6: https://society6.com/thatoneartist

Pixapp: No link...search on the app: Darcie Denton or _thatoneartist_

Etsy store:¬†https://www.etsy.com/shop/that1artist

Instagram: http://instagram.com/_thatoneartist_

Facebook: http://www.facebook.com/that1artist

Email: thatoneartistd@yahoo.com

Website:¬†https://www.thatoneartistdarcie.com

‚Äî‚Äî‚Äî‚Äî‚Äî‚Äî‚Äî‚Äî‚Äî‚Äî‚Äî‚Äî‚Äî‚Äî‚Äî‚Äî‚Äî‚Äî‚Äî‚Äî‚Äî‚Äî‚Äî‚Äî‚Äî‚Äî‚Äî‚Äî‚Äî

Music:

Funk City by Reatch https://soundcloud.com/reatch
Creative Commons ‚Äî Attribution 3.0 Unported‚Äî CC BY 3.0 
http://creativecommons.org/licenses/b...
Music promoted by Audio Library https://youtu.be/J5JZNdb50B8

!K - [matador]
https://www.audiotool.com/track/Qo89S
https://creativecommons.org/licenses/...

1994 - Virtue Noir
https://soundcloud.com/virtuenoir/199...
https://creativecommons.org/licenses/...

Chill Day - Lakey Inspired
https://soundcloud.com/lakeyinspired/...
https://creativecommons.org/licenses/...

Husky by Joey Pecoraro https://soundcloud.com/joeypecoraro
Creative Commons ‚Äî Attribution 3.0 Unported‚Äî CC BY 3.0 
https://creativecommons.org/licenses/by/3.0/legalcode
Music provided by Music for Creators https://youtu.be/81qJK4aqIFA

Modern Theme by Nicolai Heidlas Music https://soundcloud.com/nicolai-heidlas
Creative Commons ‚Äî Attribution 3.0 Unported‚Äî CC BY 3.0 
http://creativecommons.org/licenses/b...
Music provided by Music for Creators https://youtu.be/a1gEbCr7QzA

Words by Audionautix is licensed under a Creative Commons Attribution license (https://creativecommons.org/licenses/by/4.0/)
Artist: http://audionautix.com/

dizzy by Joakim Karud https://soundcloud.com/joakimkarud
Music promoted by Audio Library https://youtu.be/xseXbA2N6D0

New Chances by Muciojad https://soundcloud.com/muciojad
Creative Commons ‚Äî Attribution 3.0 Unported‚Äî CC BY 3.0 
http://creativecommons.org/licenses/b...
Music promoted by Audio Library https://youtu.be/3S9DYvtcXSQ","['book', 'spoon', 'diningtable', 'sports ball', 'sandwich', 'bicycle', 'bowl', 'sofa', 'chair', 'handbag', 'cell phone', 'microwave', 'umbrella', 'train', 'laptop', 'clock', 'dog', 'oven', 'fork', 'cup', 'truck', 'bench', 'car', 'wine glass', 'bottle', 'bed', 'tvmonitor', 'knife', 'cake', 'remote']"
Holiday pebble art Collage on canvas (stone painting),www.youtube.com/watch?v=tZxdpXA_-Qk,Art&Music,"Helpful and fun art projects and tutorials for aspiring artists of all ages! Hello Artcadets! Welcome to the last  in my current series on stone painting. Today I'm creating another collage with pebbles. This time I decided to do a summer holiday fruit cocktail! Lots of fun which will hopefully inspire you to create your own collages. Please feel free to let me know what you think of this video using the comments box below. Thank you all so much for your continued support. Keep crafting and I'll see you very soon! x

Materials used:
5 x 7 inch primed canvas
acrylic paint 
Sharpie markers
black waterproof fineliner
glue gun

Music thanks to:
Fantasy by Del https://soundcloud.com/del-sound
Attribution-ShareAlike 3.0 Unported (CC BY-SA 3.0)
https://creativecommons.org/licenses/...
Music provided by Audio Library https://youtu.be/84GNW_Mx7cU","['book', 'cat', 'diningtable', 'bottle', 'sports ball', 'clock', 'toothbrush', 'donut', 'scissors', 'handbag', 'apple', 'cell phone']"
"Mixed-Media Art Journal Collage - ""Queen""",www.youtube.com/watch?v=43hp1Dctylk,Art&Music,"A Mixed-Media Art Journal page using collage.

Music = Suonatore di Liuto by Kevin Macleod (incompetech.com) 
Licensed under Creative Commons: By Attribution 3.0
http://creativecommons.org/licenses/by/3.0/","['book', 'mouse', 'spoon', 'diningtable', 'bottle', 'sports ball', 'bed', 'bowl', 'knife', 'cup', 'keyboard', 'scissors']"
Preview | Collage Art Techniques with Nita Leland,www.youtube.com/watch?v=gvTH9xAPRl8,Art&Music,"In this http://ArtistsNetwork.tv video workshop, you will learn how to work with a variety of tools to manipulate and explore your art materials in new ways, as Nita discusses color characteristics, composition and other concepts that will help you create a collage. Follow exercises to make gorgeous crystalline and brayer papers, create faux textures, and more. A final start-to-finish mixed-media demonstration uses all of the techniques learned to put together a beautiful collage step by step.

Preview Collage Art Techniques Now!
In this preview you'll follow along with Nita to make delciate, luminous crystalline paper. Then take home some application techniques as Nita starts to put together the pieces of her mixed media collage. Visit http://ArtistsNetwork.tv for access to the full-length video.","['book', 'fork', 'cell phone', 'bottle', 'cup', 'toothbrush', 'bird', 'carrot', 'apple', 'pottedplant']"
LEONA: Wonders of Photoshop - Dreams of the jungle (Speed ART collage),www.youtube.com/watch?v=RE3qIrls2Sg,Art&Music,"http://vk.com/lady_leona  –î–æ–±—Ä–æ –ø–æ–∂–∞–ª–æ–≤–∞—Ç—å!
–°–º–æ—Ç—Ä–∏—Ç–µ –≤ HD –∫–∞—á–µ—Å—Ç–≤–µ 720/1080—Ä. 
–í—Å–µ–º —Å–ø–∞—Å–∏–±–æ –∑–∞ –ø—Ä–æ—Å–º–æ—Ç—Ä) –ù–µ –∑–∞–±—ã–≤–∞–π—Ç–µ –æ—Ü–µ–Ω–∏–≤–∞—Ç—å –≤–∏–¥–µ–æ, –∫–æ–º–º–µ–Ω—Ç–∏—Ä–æ–≤–∞—Ç—å –∏ –ø–æ–¥–ø–∏—Å—ã–≤–∞—Ç—å—Å—è!

Music: ""Zanzarah - Dunmore""
Time: 6 hours 20 min
–°–∫–∞—á–∞—Ç—å –∫–∞—Ä—Ç–∏–Ω–∫—É / Download full size image here: http://dfiles.ru/files/43rnkrbmi

VKONTAKTE: http://vk.com/lady_leona
INSTAGRAM: http://instagram.com/lady_leona#
–ú–û–ô –ö–ê–ù–ê–õ http://www.youtube.com/KseniaLeona
–ü–û–î–ü–ò–°–ê–¢–¨–°–Ø http://www.youtube.com/subscription_center?add_user=KseniaLeona

 –ü–û–î–ü–ò–°–´–í–ê–ô–¢–ï–°–¨ –Ω–∞ –º–æ–π –ö–ê–ù–ê–õ http://www.youtube.com/KseniaLeona","['cat', 'book', 'bottle', 'tvmonitor', 'laptop', 'bird', 'banana', 'pottedplant']"
Abstract Collage on Canvas  Easy Mixed Media Art Project,www.youtube.com/watch?v=gIP8eXu9WOw,Art&Music,"This is an easy mixed media collage on canvas created with hand painted paper. I used matte medium to adhere the painted paper to the canvas and I outlined each strip of paper with a black oil-based paint marker. This art project is presented as a pictorial (tutorial). Doing this project has given me so many other ideas. I may ‚Äòpaint‚Äô a picture using this collage method one day. I can already imagine creating a beautiful sunset with just painted paper.

*Art Supplies:
The links below go through my Amazon Affiliate program. You support StudioSilverCreek by using them. You may also use this link http://amzn.to/2ovHX7N to get other brands you desire. 

-All-purpose paper
-Acrylic paint ( I used shades of orange, yellow, brown and red) http://amzn.to/2hYAevx  
-Paintbrush
-Matte medium https://amzn.to/2JSGn8s 
-Black oil-based PAINT marker http://amzn.to/2zrJ6EI 
-Paint palette
-Canvas (any size) I used a 16‚Äù x 20‚Äù canvas
-Ruler
-White chalk pencil
-cap, lid, palette knife, sponge etc (to make patterns on the painted paper).

*** Shop for products used to create this art project:
https://www.amazon.com/shop/studiosilvercreek

*** MUSIC:
‚ÄúMusic for Manatees‚Äù by Kevin MacLeod (incompetech.com) 
http://incompetech.com/music/royalty-free/index.html?isrc=USUAN1400009 


*** FOLLOW ME ON MY OTHER SOCIAL MEDIA: 

YOUTUBE: https://youtube.com/StudioSilverCreek

FACEBOOK: https://www.facebook.com/StudioSilverCreek

INSTAGRAM: https://www.instagram.com/art_by_leanne

GOOGLE+: https://plus.google.com/+StudioSilverCreek

TWITTER: https://twitter.com/Leanne_L_

PINTEREST: http://pinterest.com/LeanneL72

¬©StudioSilverCreek, All Rights Reserved. 
Videos produced by  StudioSilverCreek are intended for your personal  use only.

MUSIC CREDITS:

******************************","['bottle', 'bowl', 'frisbee', 'toothbrush', 'pizza', 'oven']"
Art collage journal flip through part. 2,www.youtube.com/watch?v=2vJdVn2PJCM,Art&Music,Art collage journal flip through,"['book', 'tie', 'cell phone']"
"art journal | shimmer sprays, stencils, collage and more",www.youtube.com/watch?v=mJBOQr_-8_Y,Art&Music,"Step by step video on creating an art journal layout using fun mixed media techniques. Blog post: http://bit.ly/2LZ5199
EXPAND FOR SUPPLIES

Links to multiple online shops provided below. Affiliate links used at no extra cost to you.
‚Äî‚Äî‚Äî S U P P L I E S ‚Äî‚Äî‚Äî

‚Ä¢ Darkroom Door Cling Stamp ARTIST BRUSHES ddrs187
 ‚Äî‚Äî‚Äî https://ldli.co/e/0r2jz4 [ SimonSaysStamp ] 

‚Ä¢ Darkroom Door Cling Stamp PAINT TUBES Eclectic Rubber UM DDES024
 ‚Äî‚Äî‚Äî https://ldli.co/e/4r0j4r [ SimonSaysStamp ] 

‚Ä¢ Quote Stamp - Artist
 ‚Äî‚Äî‚Äî https://ldli.co/e/2r0jnz [ darkroomdoor.com ] 

‚Ä¢ Darkroom Door POLKA DOTS Large Stencil ddls007
 ‚Äî‚Äî‚Äî https://ldli.co/e/57oj5p [ SimonSaysStamp ] 

‚Ä¢ Ranger Texture Paste - Opaque Matte [INK44444]
 ‚Äî‚Äî‚Äî https://ldli.co/e/390jgj [ joggles.com ] 

‚Ä¢ Ranger Ink - Dylusions Shimmer Spray - Bubblegum Pink
 ‚Äî‚Äî‚Äî https://ldli.co/e/med90d [ ScrapBook.com ] 
 ‚Äî‚Äî‚Äî https://ldli.co/e/e14zqp [ SimonSaysStamp ] 
 ‚Äî‚Äî‚Äî https://ldli.co/e/qm71j5 [ joggles.com ] 

‚Ä¢ Ranger Ink - Dylusions Shimmer Spray - Pure Sunshine
 ‚Äî‚Äî‚Äî https://ldli.co/e/jrl19p [ ScrapBook.com ] 
 ‚Äî‚Äî‚Äî https://ldli.co/e/y1qy4k [ SimonSaysStamp ] 
 ‚Äî‚Äî‚Äî https://ldli.co/e/pokxe6 [ joggles.com ] 

‚Ä¢ Ranger Ink - Dylusions Shimmer Spray - Cut Grass
 ‚Äî‚Äî‚Äî https://ldli.co/e/r3qdp1 [ ScrapBook.com ] 
 ‚Äî‚Äî‚Äî https://ldli.co/e/o49l31 [ SimonSaysStamp ] 
 ‚Äî‚Äî‚Äî https://ldli.co/e/lo1z6p [ joggles.com ] 

‚Ä¢ Ranger Ink - Dylusions Shimmer Spray - Fresh Lime
 ‚Äî‚Äî‚Äî https://ldli.co/e/xxqygd [ ScrapBook.com ] 
 ‚Äî‚Äî‚Äî https://ldli.co/e/1r2jk7 [ SimonSaysStamp ] 
 ‚Äî‚Äî‚Äî https://ldli.co/e/dx4dm5 [ joggles.com ] 

‚Ä¢ Ranger Ink - Archival Ink Pad - Jet Black
 ‚Äî‚Äî‚Äî https://ldli.co/e/lo1z6g [ ScrapBook.com ] 
 ‚Äî‚Äî‚Äî https://ldli.co/e/xxqyg4 [ SimonSaysStamp ] 
 ‚Äî‚Äî‚Äî https://ldli.co/e/1r2jk1 [ joggles.com ] 

‚Ä¢ Die-namics Fab Foliage (5236)
 ‚Äî‚Äî‚Äî https://ldli.co/e/dx4dmm [ MFTStamps ] 
 ‚Äî‚Äî‚Äî https://ldli.co/e/zdmm11 [ SimonSaysStamp ] 

‚Ä¢ Tonic Studios - Tim Holtz - Stamp Platform
 ‚Äî‚Äî‚Äî https://ldli.co/e/9q00od [ ScrapBook.com ] 
 ‚Äî‚Äî‚Äî https://ldli.co/e/k5xxk4 [ SimonSaysStamp ] 

‚Ä¢ Tonic Studios - Nuvo Collection - Deluxe Adhesive
 ‚Äî‚Äî‚Äî https://ldli.co/e/7jmmx3 [ ScrapBook.com ] 
 ‚Äî‚Äî‚Äî https://ldli.co/e/n6zzm6 [ SimonSaysStamp ] 

‚Ä¢ Tonic Studios - Tim Holtz - Retractable Craft Pick
 ‚Äî‚Äî‚Äî https://ldli.co/e/6355r2 [ ScrapBook.com ] 
 ‚Äî‚Äî‚Äî https://ldli.co/e/goppgn [ SimonSaysStamp ] 
 ‚Äî‚Äî‚Äî https://ldli.co/e/0r22pj [ joggles.com ] 

‚Ä¢ Tonic Studios - Tim Holtz - Mini-Snips - 5 Inches
 ‚Äî‚Äî‚Äî https://ldli.co/e/4r00k0 [ ScrapBook.com ] 
 ‚Äî‚Äî‚Äî https://ldli.co/e/2r002m [ SimonSaysStamp ] 

‚Ä¢ Scrapbook Adhesives 3D 217 WHITE FOAM Squares Adhesive 01614
 ‚Äî‚Äî‚Äî https://ldli.co/e/57oorx [ SimonSaysStamp ] 
 ‚Äî‚Äî‚Äî https://ldli.co/e/3900px [ joggles.com ] 
 ‚Äî‚Äî‚Äî https://ldli.co/e/meddmr [ ScrapBook.com ] 

‚Ä¢ Tonic PAINT BRUSHES Nuvo 972n
 ‚Äî‚Äî‚Äî https://ldli.co/e/e144k0 [ SimonSaysStamp ] 
 ‚Äî‚Äî‚Äî https://ldli.co/e/qm776x [ ScrapBook.com ] 

‚Ä¢ Darkroom Door Cling Stamp I AM CREATIVE Quote Stamp ddqs029
 ‚Äî‚Äî‚Äî https://ldli.co/e/jrlle4 [ SimonSaysStamp ] 

‚Ä¢ Darkroom Door Cling Stamp STAMP Quote Rubber UM DDQS013
 ‚Äî‚Äî‚Äî https://ldli.co/e/y1qqxp [ SimonSaysStamp ] 

‚Ä¢ Ranger Ink - Dylusions Paint Pens - Set 2 - 6 Pack
 ‚Äî‚Äî‚Äî https://ldli.co/e/pokkn4 [ ScrapBook.com ] 
 ‚Äî‚Äî‚Äî https://ldli.co/e/r3qqyl [ joggles.com ] 
 ‚Äî‚Äî‚Äî https://ldli.co/e/o499ek [ SimonSaysStamp ] 

‚Ä¢ Ranger Ink - Dylusions Paint Pens - Set 3 - 6 Pack
 ‚Äî‚Äî‚Äî https://ldli.co/e/lo110g [ ScrapBook.com ] 
 ‚Äî‚Äî‚Äî https://ldli.co/e/xxqqe4 [ joggles.com ] 

‚Ä¢ Ranger Ink - Dylusions Paint Pens - Basics - 6 Pack
 ‚Äî‚Äî‚Äî https://ldli.co/e/1r22n1 [ ScrapBook.com ] 
 ‚Äî‚Äî‚Äî https://ldli.co/e/dx440m [ SimonSaysStamp ] 
 ‚Äî‚Äî‚Äî https://ldli.co/e/zdmmr1 [ joggles.com ] 

‚Ä¢ Ranger Ink - Dylusions Paint Pens - 2 Pack
 ‚Äî‚Äî‚Äî https://ldli.co/e/9q00dd [ ScrapBook.com ] 
 ‚Äî‚Äî‚Äî https://ldli.co/e/k5xxq4 [ SimonSaysStamp ] 

‚Ä¢ Discagenda Aluminum Discs Silver
 ‚Äî‚Äî‚Äî https://amzn.to/2Jr8trl [ Amazon US ] 

‚Ä¢ Joggles Disc Bound Watercolor Journals 1"" Black Discs [57334]
 ‚Äî‚Äî‚Äî https://ldli.co/e/7jmm63 [ joggles.com ] 



‚ú™ STAY CONNECTED ‚ú™
Blog: http://www.clips-n-cuts.com
Facebook: https://www.facebook.com/vickyclipsncuts
Instagram: http://instagram.com/vickyp_gr/
Twitter: http://twitter.com/vickyp_gr

‚ú™ DISCLAIMER ‚ú™
Supplies may contain affiliate links. Some of the products have been offered by companies. Please read more here: http://www.clips-n-cuts.com/disclaimer/","['diningtable', 'umbrella', 'knife', 'scissors', 'baseball bat', 'refrigerator', 'cell phone']"
Ar-Tea Collage * Mixed Media Art,www.youtube.com/watch?v=GOihUhnZxtw,Art&Music,"By: Ilene McInnes,
Mixed media Art and inspiration

International Crafters FB page: https://www.facebook.com/groups/1537877029767846/
International Crafters YT channel: https://www.youtube.com/channel/UCjvZX1oMs2sSkt10IZ7uZYA

My friend and crafty Partner Nicky Parr's channel:https://www.youtube.com/channel/UC7IvT1nC2KNkFN1lg4-Op9g


Link to Decoart products? link:http://www.decoart.com/

If you enjoyed my video, please consider me on Patreon so I can continue sharing. I have some special gifts for regular patrons.
https://www.patreon.com/IleneMcInnes


src=""http://www.decoart.com/helping-ar‚Ä¶/he..."" Ilene Barrette McInnes Po Box 83 Crossfield, Po Crossfield,AB, Canada,T0M0S0
Paints By: DecoArts
Link to Decoart products? link:http://www.decoart.com/

Thank you so much for Watching! Please subscribe for updated projects, leave a comment and tell me what you think! Thank you so much for your support of me and my channel ! Please enjoy and invite your friends!

Stalk me here:
https://www.facebook.com/ilene.mcinnes
https://twitter.com/IleneMcInnes
https://www.pinterest.com/ilenemcinnes/
google.com/+IleneMcInnesCreativityArtistry
https://www.youtube.com/user/ilenemcinnes64
src=""http://www.decoart.com/helping-ar‚Ä¶/helping-artist-member.png""

Ilene Barrette McInnes Po Box 83 Crossfield, Po Crossfield,AB, Canada,T0M0S0","['book', 'cat', 'vase', 'bowl', 'laptop', 'cup', 'knife', 'scissors', 'refrigerator', 'cell phone']"
DIY Mixed Media Art Collage Greeting Cards / Mixed Media Collage Card Tutorial,www.youtube.com/watch?v=BchUtLfjews,Art&Music,"Make your own Mixed Media Greeting Cards

Here's  what you need to make this project.

Handmade Art Journal Pages
Vintage Book
Blank Greeting Cards
Glue Stick 
Scissors

Thumbs up if you loved this DIY !
*What do you want to see next?
Post comments on my facebook page 
https://www.youtube.com/channel/UCevxBFazIzvpJK_TmP8Fmmw
https://twitter.com/craftnamesthing
https://www.facebook.com/letshare1
http://www.pinterest.com/letshare2/boards/
https://www.etsy.com/shop/craftsnamesandthings

Like Crafts, Names and Things on Facebook! Put your requests, show me your DIYS, and tell me what you want to see

'Royalty Free Music by http://audiomicro.com/royalty-free-music'
Or The You-tube free  Audio Library https://www.youtube.com/audiolibrary

Do you want to work for an awesome company and have great opportunities to increase your youtube audience? Click this link and apply to Full Screen!!!
http://full.sc/TVRaBj
MY Channel:http://www.youtube.com/channel/UCevxBFazIzvpJK_TmP8Fmmw/videos

‚ô• Business / Request Email: dixonshemi@gmail.com 


Thank YOU for watching and SUBSCRIBING!

upcycle, Cheap crafts, Dollar store craft ideas, DIY Handmade gifts, diy gift ideas
diy, diy projects, diy fashion, diy clothes, diy room decor, diy crafts, , roomspiration,  diy shirt, organize, storage, room decorating ideas, craft ideas, room diy, how to organize, art, art journaling, recycle,","['refrigerator', 'cell phone']"